name,area_id,director,start_term,end_term
Saga2021,1,SIBFO,"Thu, 4 Nov 2021 00:00:00.000000000 UTC +00:00","Sat, 6 Nov 2021 00:00:00.000000000 UTC +00:00"
Saga2022,1,SIBFO,"Wed, 2 Nov 2022 00:00:00.000000000 UTC +00:00","Sun, 6 Nov 2022 00:00:00.000000000 UTC +00:00"